{"train": {"epoch": [0, 1, 2, 3, 4, 5, 6, 7, 8, 9, 10, 11, 12, 13, 14, 15, 16, 17, 18, 19, 20, 21, 22, 23, 24], "loss": [0.8142743621534683, 0.3672478236366154, 0.23547407588833116, 0.16979404298834408, 0.13386101618851634, 0.10243109229899698, 0.08585567564790231, 0.038869692877244406, 0.02855582031907714, 0.02349091208281861, 0.02091409361144213, 0.018148578678451762, 0.0159316274284864, 0.015697952572004313, 0.012316181081351118, 0.011862067984374247, 0.011953537736015677, 0.012088589980735873, 0.011326300612808631, 0.012163474028013092, 0.011430640682681221, 0.011812342473454017, 0.010987949972840446, 0.011506682675607132, 0.01098190190457265], "acc": [0.709979906229069, 0.8701440053583389, 0.9191504800178611, 0.9408350078142443, 0.9529191783880331, 0.9643056485822729, 0.9700267916945747, 0.9869948649252066, 0.9909298950658629, 0.9917113194909578, 0.9930788122348739, 0.9946974771154276, 0.995088189327975, 0.9949207412368832, 0.9963998660415272, 0.9962045099352534, 0.9962603259656174, 0.9963440500111632, 0.9966510381781648, 0.9962324179504354, 0.9965952221478009, 0.9963998660415272, 0.9970975664210762, 0.9968463942844386, 0.9967347622237107]}, "test": {"epoch": [0, 1, 2, 3, 4, 5, 6, 7, 8, 9, 10, 11, 12, 13, 14, 15, 16, 17, 18, 19, 20, 21, 22, 23, 24], "loss": [0.7091097713418519, 0.7187225667864039, 0.5366155616815079, 0.6111781278284162, 0.5833563443211311, 0.5426329140944488, 0.5522396840414373, 0.523353259682475, 0.5163358772035446, 0.5254424825197991, 0.5527916861013277, 0.5723783553638545, 0.5821416300832775, 0.5757994541422141, 0.5765387745740373, 0.5751458136288734, 0.5665467493112076, 0.5705719245183486, 0.5679330114517558, 0.5829218800237428, 0.5843451962348373, 0.6028813469608324, 0.5608090811886693, 0.5810399441423286, 0.5903168764850195], "acc": [0.7540090771558244, 0.7745839636913766, 0.816338880484115, 0.8302571860816943, 0.8263237518910741, 0.8414523449319212, 0.8423600605143721, 0.8586989409984871, 0.8602118003025718, 0.859304084720121, 0.859304084720121, 0.8638426626323751, 0.864145234493192, 0.8659606656580937, 0.8662632375189107, 0.864145234493192, 0.8686838124054462, 0.8638426626323751, 0.864447806354009, 0.8683812405446293, 0.8626323751891073, 0.8650529500756429, 0.8686838124054462, 0.8623298033282903, 0.8656580937972768]}}