{"train": {"epoch": [0, 1, 2, 3, 4, 5, 6, 7, 8, 9, 10, 11, 12, 13, 14, 15, 16, 17, 18, 19, 20, 21, 22, 23, 24], "loss": [0.7595003469697225, 0.35708470299896533, 0.2338439700831843, 0.16622205595268577, 0.13526779898284508, 0.10303434845352046, 0.08495011190786296, 0.03265890119117827, 0.02212774621160149, 0.01763623269521437, 0.015160637821808381, 0.013253377834104166, 0.011021102790881492, 0.008912589027562774, 0.007730694128802164, 0.006790446493875291, 0.007637124128521593, 0.00694146870129554, 0.007473120800643447, 0.006561018115682617, 0.007090228839920259, 0.006763726086934834, 0.006310303400445927, 0.006545035128189959, 0.00630938690750427], "acc": [0.7314411699039964, 0.8748883679392722, 0.9171131949095781, 0.9405559276624247, 0.9508260772493861, 0.9637195802634517, 0.9693290913150258, 0.9890042420183077, 0.9924927439160527, 0.9941393168117884, 0.9953672694797946, 0.9955068095557045, 0.9966231301629829, 0.9975440946639875, 0.9982417950435365, 0.9985208751953562, 0.9980743469524448, 0.9980464389372629, 0.9982138870283546, 0.9986045992409021, 0.997906898861353, 0.9981022549676267, 0.9985208751953562, 0.9982138870283546, 0.998632507256084]}, "test": {"epoch": [0, 1, 2, 3, 4, 5, 6, 7, 8, 9, 10, 11, 12, 13, 14, 15, 16, 17, 18, 19, 20, 21, 22, 23, 24], "loss": [0.5656861178993998, 0.5229979719949742, 0.6362119056453502, 0.5234490624714908, 0.5277959540824486, 0.556954715111252, 0.573577675877108, 0.4976955525272733, 0.5216593445519636, 0.5348976532017048, 0.5290307842837519, 0.5579636590744111, 0.5675448721728419, 0.5469896496875203, 0.5835050613184019, 0.5671210286837303, 0.5784207802496952, 0.610718337995382, 0.5753213857197725, 0.5806963740246379, 0.5720157585057476, 0.5779487258547553, 0.5579855012460844, 0.5598504184053453, 0.5788935395123919], "acc": [0.810590015128593, 0.8245083207261724, 0.783358547655068, 0.8275340393343419, 0.8338880484114977, 0.8438729198184568, 0.8357034795763993, 0.8626323751891073, 0.8650529500756429, 0.8623298033282903, 0.8668683812405445, 0.8647503782148259, 0.8668683812405445, 0.8683812405446293, 0.8671709531013615, 0.8662632375189107, 0.8662632375189107, 0.8653555219364598, 0.8680786686838123, 0.8632375189107412, 0.869894099848714, 0.8683812405446293, 0.8692889561270801, 0.8720121028744326, 0.8711043872919818]}}