{"train": {"epoch": [0, 1, 2, 3, 4, 5, 6, 7, 8, 9, 10, 11, 12, 13, 14, 15, 16, 17, 18, 19, 20, 21, 22, 23, 24], "loss": [0.8395072209712623, 0.41290737342211675, 0.2744171440960653, 0.19358586356107027, 0.160606184916508, 0.125222433409166, 0.10256445622452137, 0.0442400887611855, 0.03201502808424798, 0.03025862553285206, 0.027235756693713552, 0.024229143251529573, 0.020480561253747177, 0.021680867540221523, 0.018225216481615906, 0.018176041624992652, 0.01716220179594742, 0.016269533478886346, 0.019530738000892108, 0.01567244794212247, 0.017074095388426528, 0.016447057150309308, 0.017478123510168662, 0.01712058964292501, 0.0180687117813474], "acc": [0.7045378432685868, 0.8556597454789016, 0.9038289796829649, 0.931876534940835, 0.9434025452109847, 0.9551518196025899, 0.9657568653717348, 0.9854878321053807, 0.9899810225496763, 0.9911531591873186, 0.9924090198705069, 0.9931904442956018, 0.9945021210091539, 0.9942230408573343, 0.9953672694797946, 0.9953951774949766, 0.9957300736771602, 0.9960649698593437, 0.9957579816923421, 0.9961766019200715, 0.9961207858897075, 0.9960091538289797, 0.9963998660415272, 0.995841705737888, 0.9960649698593437]}, "test": {"epoch": [0, 1, 2, 3, 4, 5, 6, 7, 8, 9, 10, 11, 12, 13, 14, 15, 16, 17, 18, 19, 20, 21, 22, 23, 24], "loss": [0.581900328190352, 0.5451074881560863, 0.5610128386839435, 0.5024116131613727, 0.48687837387177296, 0.48641971596791417, 0.5880725403236008, 0.4723695065358403, 0.46626659676815846, 0.45820007767872084, 0.49371113943079775, 0.4911263479587711, 0.49230009972057254, 0.4776487966528819, 0.4909981447341042, 0.5282510670879785, 0.4934484777580411, 0.48712083020116487, 0.49190604942829635, 0.4947922709489554, 0.4891827937514266, 0.5033162487076198, 0.48593811555998045, 0.49803955558569096, 0.4870526971687167], "acc": [0.7984871406959152, 0.7987897125567321, 0.8048411497730711, 0.831770045385779, 0.8420574886535551, 0.842965204236006, 0.8311649016641451, 0.859304084720121, 0.8617246596066566, 0.8611195158850227, 0.8626323751891073, 0.864447806354009, 0.8647503782148259, 0.8662632375189107, 0.864447806354009, 0.8611195158850227, 0.8629349470499242, 0.8665658093797276, 0.8677760968229954, 0.8626323751891073, 0.8677760968229954, 0.8626323751891073, 0.8662632375189107, 0.8653555219364598, 0.8677760968229954]}}