{"train": {"epoch": [0, 1, 2, 3, 4, 5, 6, 7, 8, 9, 10, 11, 12, 13, 14, 15, 16, 17, 18, 19, 20, 21, 22, 23, 24], "loss": [0.9514425687036642, 0.8199045201527557, 0.7165468888026947, 0.664007537446683, 0.5829304001370414, 0.5200261302214622, 0.46976192727707183, 0.33199788914707484, 0.2822255128009131, 0.2563362913053544, 0.23552568427851941, 0.21631634445019876, 0.20082439271241825, 0.1830335081245434, 0.1646125028279073, 0.16416018559929155, 0.1599912847385321, 0.16122260102571923, 0.15384258202397877, 0.14990992947591222, 0.1591177599796062, 0.15671346907111108, 0.1456743364184873, 0.14749103569593586, 0.15737912612238514], "acc": [0.6873323397913562, 0.7143070044709389, 0.7496274217585693, 0.7687034277198211, 0.7932935916542474, 0.8204172876304023, 0.8339791356184799, 0.8871833084947839, 0.9014903129657228, 0.912220566318927, 0.9220566318926975, 0.926080476900149, 0.9320417287630403, 0.9391952309985097, 0.9451564828614009, 0.9448584202682563, 0.9460506706408346, 0.9464977645305515, 0.9491803278688524, 0.9536512667660209, 0.9476900149031297, 0.9506706408345753, 0.9536512667660209, 0.9503725782414307, 0.9509687034277198]}, "test": {"epoch": [0, 1, 2, 3, 4, 5, 6, 7, 8, 9, 10, 11, 12, 13, 14, 15, 16, 17, 18, 19, 20, 21, 22, 23, 24], "loss": [0.7266489438678781, 0.6956711705261207, 0.7113328091495877, 0.6043459654215064, 0.7029540541673391, 0.6210154300378058, 1.1637632953236936, 0.5675300205349021, 0.5553642666105423, 0.5263547230055401, 0.5831298140642682, 0.5693582468422386, 0.5394361763606453, 0.6015944412003487, 0.6086574083377302, 0.5617192460260665, 0.5829790025183004, 0.5527393092907142, 0.580225933409675, 0.6075465039658655, 0.5775373890973436, 0.5822100627440367, 0.5314697460399633, 0.6124368647403688, 0.5966305567529306], "acc": [0.7658093797276853, 0.7540090771558244, 0.7685325264750378, 0.8012102874432677, 0.7446293494704992, 0.8021180030257186, 0.6747352496217851, 0.8242057488653555, 0.8347957639939485, 0.8369137670196671, 0.8354009077155824, 0.8363086232980332, 0.8423600605143721, 0.8245083207261724, 0.8251134644478063, 0.8387291981845688, 0.8381240544629349, 0.8435703479576399, 0.8281391830559757, 0.8302571860816943, 0.8387291981845688, 0.8347957639939485, 0.842662632375189, 0.837518910741301, 0.8323751891074129]}}