{"train": {"epoch": [0, 1, 2, 3, 4, 5, 6, 7, 8, 9, 10, 11, 12, 13, 14, 15, 16, 17, 18, 19, 20, 21, 22, 23, 24], "loss": [0.9253807927208402, 0.7162663857556668, 0.6332342176430271, 0.5438483535443972, 0.4986519666968799, 0.4555061797449024, 0.4081298822084589, 0.2535159318351177, 0.20099316412574667, 0.17390949436520323, 0.15136834168043292, 0.14327250932261415, 0.11584807259492831, 0.10506484858502929, 0.09176878408596875, 0.09220979682734755, 0.08488760317846489, 0.08772011076817747, 0.08356606654722894, 0.08066088465748884, 0.08338459682180345, 0.07249006795101479, 0.08034305776817788, 0.0811152000540948, 0.07753568010074371], "acc": [0.6938897168405365, 0.7567809239940387, 0.7791356184798808, 0.807451564828614, 0.8268256333830104, 0.8374068554396423, 0.849478390461997, 0.9181818181818182, 0.9321907600596125, 0.9435171385991058, 0.9488822652757078, 0.9535022354694486, 0.9602086438152012, 0.9646795827123696, 0.9725782414307005, 0.9715350223546945, 0.976602086438152, 0.9728763040238451, 0.9757078986587183, 0.9754098360655737, 0.975558867362146, 0.9794336810730253, 0.9769001490312965, 0.9752608047690015, 0.9779433681073025]}, "test": {"epoch": [0, 1, 2, 3, 4, 5, 6, 7, 8, 9, 10, 11, 12, 13, 14, 15, 16, 17, 18, 19, 20, 21, 22, 23, 24], "loss": [0.6245240870474327, 0.6462419928653157, 0.5835840469770099, 0.604844801472824, 0.6071727850433557, 0.6250098466873169, 0.6294900845471381, 0.5355395006520305, 0.5455079339095216, 0.5127700679421244, 0.5462968856231528, 0.5014349060231726, 0.503084845694399, 0.5581527425734251, 0.5778696247380728, 0.5239128078166367, 0.5484255669878038, 0.6101058574379302, 0.5959360954801182, 0.5622483991819143, 0.516632966951956, 0.5162741959726216, 0.5973437698814403, 0.5706586670045953, 0.5488316062358792], "acc": [0.7839636913767019, 0.7854765506807866, 0.7957639939485627, 0.8048411497730711, 0.8093797276853252, 0.7918305597579425, 0.8048411497730711, 0.8354009077155824, 0.8481089258698941, 0.8456883509833585, 0.8453857791225415, 0.8508320726172465, 0.8574886535552193, 0.8505295007564296, 0.8465960665658093, 0.8580937972768532, 0.8547655068078668, 0.8438729198184568, 0.8390317700453858, 0.8541603630862329, 0.8523449319213312, 0.8611195158850227, 0.837821482602118, 0.8544629349470498, 0.8547655068078668]}}