{"train": {"epoch": [0, 1, 2, 3, 4, 5, 6, 7, 8, 9, 10, 11, 12, 13, 14, 15, 16, 17, 18, 19, 20, 21, 22, 23, 24], "loss": [0.9025837369007788, 0.7372852570431421, 0.6469090300594108, 0.5888432105145405, 0.5256581111210114, 0.47260378284710175, 0.44687007679846885, 0.2842664702638606, 0.23262182108158505, 0.21978507095228897, 0.19931888066887324, 0.19615281692382652, 0.17547046985427242, 0.15541344189963646, 0.1376910345209693, 0.1460014981413385, 0.14294579684645514, 0.13747702671767348, 0.12639797856662027, 0.12735006363310153, 0.13664372107666403, 0.13614795883082065, 0.1281576159281098, 0.12188917549463037, 0.13064609158412177], "acc": [0.6992548435171386, 0.749478390461997, 0.7752608047690015, 0.7932935916542474, 0.8180327868852459, 0.8347242921013412, 0.8445603576751117, 0.9071535022354694, 0.9214605067064083, 0.9247391952309985, 0.9354694485842027, 0.9380029806259315, 0.9470938897168405, 0.9533532041728763, 0.9594634873323398, 0.9552906110283159, 0.9557377049180328, 0.9602086438152012, 0.9621460506706409, 0.9634873323397913, 0.9619970193740686, 0.9594634873323398, 0.9634873323397913, 0.9648286140089419, 0.9600596125186289]}, "test": {"epoch": [0, 1, 2, 3, 4, 5, 6, 7, 8, 9, 10, 11, 12, 13, 14, 15, 16, 17, 18, 19, 20, 21, 22, 23, 24], "loss": [0.7197505864361231, 0.6072841078358591, 0.5816452467856357, 0.5081050731771471, 0.6655462012889706, 0.6045036858762086, 0.5754833994041593, 0.47330241592857375, 0.5017140996618459, 0.48104492384438796, 0.4588661803780814, 0.46874836587689467, 0.4926386515059017, 0.478725421338507, 0.5102334909467943, 0.49541233909653104, 0.526720659996125, 0.5217770469351002, 0.5177401701368831, 0.5122668615808645, 0.5119617079462118, 0.49840732940927757, 0.4975964087761837, 0.4694797741302744, 0.49032798123612165], "acc": [0.7470499243570348, 0.7818456883509833, 0.7875945537065052, 0.8133131618759455, 0.7733736762481088, 0.7969742813918305, 0.805446293494705, 0.8381240544629349, 0.8432677760968229, 0.8411497730711043, 0.8472012102874432, 0.8381240544629349, 0.8435703479576399, 0.8408472012102873, 0.8393343419062027, 0.8465960665658093, 0.8381240544629349, 0.837518910741301, 0.8456883509833585, 0.8441754916792737, 0.8399394856278365, 0.8447806354009076, 0.8456883509833585, 0.8502269288956127, 0.8496217851739788]}}